山部、逆転でリオ切符　手負いの宿敵に攻め貫く　柔道全日本女子選手権	2016/4/18	産経新聞 東京本社版	608 語
活断層、想定超す動き　調査委	2016/4/18	産経新聞 東京本社版	1025 語
【近ごろ都に流行るもの】おしゃれカプセルホテル	2016/4/18	産経新聞 東京本社版	1190 語
知を楽しむ「考える人」リニューアル	2016/4/18	産経新聞 東京本社版	491 語
【プロ野球】ソフトバンク・吉村、同点＆サヨナラ弾　スランプ脱出	2016/4/18	産経新聞 東京本社版	513 語
谷井、３度目優勝　荒井２位　日本選手権５０キロ競歩	2016/4/18	産経新聞 東京本社版	490 語
被災地に勇気とエール　山下氏ら募金呼びかけ	2016/4/18	産経新聞 東京本社版	621 語
被災地に勇気とエール　緒方、雄姿届けた　準々決勝敗退も充実	2016/4/18	産経新聞 東京本社版	421 語
原油増産凍結の協議難航　サウジ　全加盟国参加を要求	2016/4/18	産経新聞 東京本社版	543 語
民進、急ぐ成果づくり　ヘイトスピーチ解消法案、あす審議入り	2016/4/18	産経新聞 東京本社版	785 語
【熊本地震】輸送網寸断、届かぬ物資	2016/4/18	産経新聞 東京本社版	672 語
ディーマジェスティ「３強」撃破　視界はダービー　競馬	2016/4/18	産経新聞 東京本社版	456 語
北、近く核実験強行か　韓国報道	2016/4/18	産経新聞 東京本社版	357 語
永野「不思議な力に背中押された」　東建ホームメイト・カップゴルフ	2016/4/18	産経新聞 東京本社版	516 語
永野３位　金庚泰、今季初Ｖ　東建ホームメイト・カップゴルフ	2016/4/18	産経新聞 東京本社版	400 語
移民対策、独首相を元首相批判　表現の自由でも板挟み	2016/4/18	産経新聞 東京本社版	728 語
全国で強風、風速３０メートル超　負傷者続出　足立区で工事の足場倒れる	2016/4/18	産経新聞 東京本社版	910 語
【プロ野球】ロッテ・高浜、勝ち越し打　「被災地、元気づけられたら」	2016/4/18	産経新聞 東京本社版	381 語
荒井、代表当確に涙　亡き母に捧ぐ　日本選手権５０キロ競歩	2016/4/18	産経新聞 東京本社版	402 語
【プロ野球】中日４−２阪神	2016/4/18	産経新聞 東京本社版	169 語
【熊本地震】トヨタ、工場の大半停止　国内、きょうから段階的に	2016/4/18	産経新聞 東京本社版	488 語
【選挙】１７日　千葉・茂原市長　田中豊彦氏が無投票で３選	2016/4/18	産経新聞 東京本社版	61 語
【熊本地震】余震、南西方向へ拡大	2016/4/18	産経新聞 東京本社版	647 語
【プロ野球】ヤクルト５−４ＤｅＮＡ	2016/4/18	産経新聞 東京本社版	153 語
【熊本地震】東海大生・大野睦さん、無言の搬出　友人「受け止められない」	2016/4/18	産経新聞 東京本社版	422 語
東京六大学野球は雨で順延	2016/4/18	産経新聞 東京本社版	105 語
列島強風２人死亡	2016/4/18	産経新聞 東京本社版	253 語
【米大リーグ】上原１回零封	2016/4/18	産経新聞 東京本社版	394 語
ディーマジェスティＶ　皐月賞	2016/4/18	産経新聞 東京本社版	545 語
前田が女子スプリントＶ８　自転車・全日本選手権トラック	2016/4/18	産経新聞 東京本社版	175 語
【熊本地震】空からルポ　えぐれた山、大地に亀裂	2016/4/18	産経新聞 東京本社版	797 語
リー逆転Ｖ　米女子ゴルフ	2016/4/18	産経新聞 東京本社版	444 語
露、人権活動さらなる圧力　「状況改善」…国連機関拠点を閉鎖方針	2016/4/18	産経新聞 東京本社版	640 語
東日本大震災の被害	2016/4/18	産経新聞 東京本社版	41 語
【視点】目黒区長選　保育所建設、住民に丁寧な説明を	2016/4/18	産経新聞 東京本社版	387 語
【選挙】１７日　埼玉・日高市長　谷ケ崎照雄氏が無投票で再選	2016/4/18	産経新聞 東京本社版	61 語
あす実施の学力テスト、被災地では困難	2016/4/18	産経新聞 東京本社版	206 語
【選挙】１７日　岡山・笠岡市長　小林嘉文氏が初当選	2016/4/18	産経新聞 東京本社版	79 語
東京にブロードウェーを　知事表明、候補地検討へ	2016/4/18	産経新聞 東京本社版	377 語
【プロ野球】オリックス５−２西武	2016/4/18	産経新聞 東京本社版	202 語
京都３区　民進・前職リード　共同情勢調査	2016/4/18	産経新聞 東京本社版	514 語
政府が新ルール　ツイッターの活用拡大　震度４以下でも原発の情報発信	2016/4/18	産経新聞 東京本社版	685 語
前ソウル支局長　韓国紙「訴訟費の一切請求」　実際は一部のみ	2016/4/18	産経新聞 東京本社版	460 語
【熊本地震】脱線新幹線、きょうにも撤去開始	2016/4/18	産経新聞 東京本社版	164 語
エクアドルでＭ７．８　２３３人死亡、非常事態宣言	2016/4/18	産経新聞 東京本社版	268 語
ビッグセン、不成立で返還	2016/4/18	産経新聞 東京本社版	167 語
【選挙】１７日　新潟・阿賀野市長　田中清善氏が再選	2016/4/18	産経新聞 東京本社版	67 語
キューバ共産党大会、５年ぶり開催	2016/4/18	産経新聞 東京本社版	206 語
渡辺淳一文学賞に川上未映子さん	2016/4/18	産経新聞 東京本社版	66 語
法王、シリア難民１２人を連れて帰る	2016/4/18	産経新聞 東京本社版	227 語
熊本地震　救援金受け付け	2016/4/18	産経新聞 東京本社版	274 語
水道施設復旧支援、都が職員１０人派遣　被災の熊本市へ	2016/4/18	産経新聞 東京本社版	284 語
【安倍日誌】１７日（日）	2016/4/18	産経新聞 東京本社版	314 語
【プロ野球】ロッテ５−３日本ハム	2016/4/18	産経新聞 東京本社版	176 語
【選挙】１７日　埼玉・坂戸市長　石川清氏が再選	2016/4/18	産経新聞 東京本社版	69 語
高尾５９９ミュージアム、入館者が２０万人突破	2016/4/18	産経新聞 東京本社版	264 語
横溝正史賞に木逸裕さん	2016/4/18	産経新聞 東京本社版	63 語
【選挙】１７日　山口・美祢市長　西岡晃氏が初当選	2016/4/18	産経新聞 東京本社版	68 語
【プロ野球】巨人２−１広島	2016/4/18	産経新聞 東京本社版	183 語
【プロ野球】ソフトバンク９−７楽天	2016/4/18	産経新聞 東京本社版	187 語
【選挙】１７日　東京・目黒区長　青木英二氏が４選	2016/4/18	産経新聞 東京本社版	80 語
【選挙】１７日　大阪・大東市長　東坂浩一氏が再選	2016/4/18	産経新聞 東京本社版	75 語
西部ワイオミング州でクルーズ氏勝利	2016/4/18	産経新聞 東京本社版	125 語
北、従業員送還と責任者の処罰要求	2016/4/18	産経新聞 東京本社版	142 語
【熊本地震】国土地理院、ドローンで撮影　ＨＰで動画公開	2016/4/18	産経新聞 東京本社版	213 語
新聞を一緒に　感想文コンクール実施	2016/4/18	産経新聞 東京本社版	167 語
【ＮＢＡ】プレーオフ　ウォリアーズ先勝	2016/4/18	産経新聞 東京本社版	314 語
【熊本地震】インフラへの影響	2016/4/18	産経新聞 東京本社版	495 語
Ｍ・デムーロ、騎乗停止　競馬	2016/4/18	産経新聞 東京本社版	196 語
【選挙】１７日　愛知・碧南市長　禰宜田政信氏が無投票で３選	2016/4/18	産経新聞 東京本社版	54 語
ラグビーＷ杯責任者　会場の花園視察「重要な競技場」	2016/4/18	産経新聞 東京本社版	244 語
首都大学野球は雨で中止	2016/4/18	産経新聞 東京本社版	78 語
暴風でＪ２金沢−愛媛戦中止	2016/4/18	産経新聞 東京本社版	134 語
田頭が初優勝　マスターズチャンピオン	2016/4/18	産経新聞 東京本社版	198 語
【東京五輪あと１５５８日】「北島ロス」とエンブレム	2016/4/18	産経新聞 東京本社版	426 語
各球場で募金活動　義援金も次々と　プロ野球	2016/4/18	産経新聞 東京本社版	264 語
【Ｊ２リーグ】第８節（１７日）	2016/4/18	産経新聞 東京本社版	64 語
【選挙】１７日　愛媛・西予市長　管家一夫氏が無投票で初当選	2016/4/18	産経新聞 東京本社版	72 語
ロズベルクが開幕３連勝　Ｆ１	2016/4/18	産経新聞 東京本社版	202 語
【選挙】１７日　富山・魚津市長　村椿晃氏が初当選	2016/4/18	産経新聞 東京本社版	68 語
【プロ野球】ヤクルト・松岡、地元思い力投	2016/4/18	産経新聞 東京本社版	286 語
【記録コーナー】１７日　プロボクシング	2016/4/18	産経新聞 東京本社版	216 語
岩田は最終ラウンドに進めず　米男子ゴルフ	2016/4/18	産経新聞 東京本社版	167 語
熊本地震１１万人避難　南阿蘇１１人安否不明　死者４２人に	2016/4/18	産経新聞 東京本社版	729 語
レッズ敗れる　五郎丸、後半途中出場　スーパーラグビー	2016/4/18	産経新聞 東京本社版	158 語
【選挙】１７日　静岡・伊豆市長　菊地豊氏が３選	2016/4/18	産経新聞 東京本社版	61 語
【熊本地震】余震怖い、帰れない　避難所、足の踏み場なし	2016/4/18	産経新聞 東京本社版	778 語
目黒区長に青木氏４選「安心安全な街をつくる」	2016/4/18	産経新聞 東京本社版	478 語
【熊本地震】倒壊多数、耐震化遅れ　九州「地震なかった」	2016/4/18	産経新聞 東京本社版	1006 語
熊本地震で前日中止　ソフトバンク戦開催　プロ野球	2016/4/18	産経新聞 東京本社版	279 語
【熊本地震】オスプレイ初投入へ　米軍、被災地に物資輸送	2016/4/18	産経新聞 東京本社版	686 語
山部、２年ぶり３度目の優勝　柔道全日本女子選手権	2016/4/18	産経新聞 東京本社版	620 語
【熊本地震】消えた家、夫どこに　土砂崩れ、懸命の捜索	2016/4/18	産経新聞 東京本社版	857 語
ブラジル大統領、窮地　「弾劾」上下院とも賛成派優勢　月内に職務停止も	2016/4/18	産経新聞 東京本社版	856 語
北海道５区　震災…手探りの衆院補選	2016/4/18	産経新聞 東京本社版	1285 語
歴博で「万年筆の生活誌　筆記の近代」展　伝統の職人技、国産化後押し	2016/4/18	産経新聞 東京本社版	1025 語
【ふりさけみれば　−昭和天皇の８７年】（３１８）川瀬弘至	2016/4/18	産経新聞 東京本社版	1022 語
【科学】肝臓がん、再発や転移に差　理研などのチーム、遺伝子変異で６分類	2016/4/18	産経新聞 東京本社版	425 語
「がん患者さんが歌う春の第九合唱団」団員を募集	2016/4/18	産経新聞 東京本社版	324 語
【編集日誌】不測の危機に備える	2016/4/18	産経新聞 東京本社版	351 語
【熊本地震】ＴＶ報道、特別態勢　ネット番組、無料配信も	2016/4/18	産経新聞 東京本社版	682 語
【視線】しらける民進党の立憲主義　論説委員兼政治部編集委員・阿比留瑠比	2016/4/18	産経新聞 東京本社版	1352 語
【第８７期棋聖戦】本戦１回戦　第５局第２譜	2016/4/18	産経新聞 東京本社版	569 語
米、日本に財政出動要請　財務長官声明　為替市場の認識にズレ	2016/4/18	産経新聞 東京本社版	570 語
【日本よ　ふたたび】石原慎太郎　横綱の張り手	2016/4/18	産経新聞 東京本社版	1156 語
【フジサンケイグループ広告大賞】（４）住友生命保険	2016/4/18	産経新聞 東京本社版	569 語
【正論】異性愛の社会的価値を維持せよ　麗澤大学教授・八木秀次	2016/4/18	産経新聞 東京本社版	1823 語
【環球異見】「パナマ文書」流出	2016/4/18	産経新聞 東京本社版	2338 語
【科学】Ｘ線天文学に暗雲　衛星ひとみ、厳しい復旧　「日本のお家芸」に危機	2016/4/18	産経新聞 東京本社版	1547 語
フィリピン留学　英語力向上へ安く効果大	2016/4/18	産経新聞 東京本社版	1166 語
【主張】日露外相会談　これが「前向き」な議論か	2016/4/18	産経新聞 東京本社版	856 語
【第５４期森ビル杯　十段戦】五番勝負　第２局第１０譜	2016/4/18	産経新聞 東京本社版	467 語
【科学】巨大ブラックホール、予想外の場所で発見	2016/4/18	産経新聞 東京本社版	330 語
【天皇、皇后両陛下ご動静】１７日　日曜	2016/4/18	産経新聞 東京本社版	131 語
【朝の詩】長靴の花器	2016/4/18	産経新聞 東京本社版	107 語
多様化するタクシーサービス　墓参り付き添い、塾の送迎も	2016/4/18	産経新聞 東京本社版	1106 語
【産経抄】	2016/4/18	産経新聞 東京本社版	643 語
【「新報道２００１」抄録】フジテレビ系、１７日放送	2016/4/18	産経新聞 東京本社版	378 語
【知ってる？！】ストレスオフ（２）「セロトニン」がカギ	2016/4/18	産経新聞 東京本社版	588 語
【外信コラム】アイ・ラブ・ニューヨーク　熊本の被害に思う	2016/4/18	産経新聞 東京本社版	529 語
【話の肖像画】日本生命保険社長・筒井義信（６２）（１）	2016/4/18	産経新聞 東京本社版	1293 語
電子レンジ調理総菜が人気　共働き・小人数世帯に手軽さウケる	2016/4/18	産経新聞 東京本社版	589 語
【万象】だます生き物　カイメンに潜む大食漢	2016/4/18	産経新聞 東京本社版	267 語
【主張】給付型奨学金　ばらまき排し勉学支えよ	2016/4/18	産経新聞 東京本社版	843 語
【広角レンズ】「街の本屋」復権へ　カリスマ書店員の挑戦	2016/4/18	産経新聞 東京本社版	1552 語
【荻原博子の家計防衛術】ゴールデンウイークは安く楽しく	2016/4/18	産経新聞 東京本社版	821 語
【熊本地震】亡くなった方々	2016/4/18	産経新聞 東京本社版	147 語
【ん！？】	2016/4/18	産経新聞 東京本社版	637 語
「きのうきょう」原稿募集	2016/4/18	産経新聞 東京本社版	163 語
【熊本地震】消えた橋　運動場に「ＳＯＳ」	2016/4/17	産経新聞 東京本社版	773 語
【熊本地震】４７万世帯停電、国道寸断	2016/4/17	産経新聞 東京本社版	766 語
【熊本地震】「痛い」…祖父母の最後の叫び	2016/4/17	産経新聞 東京本社版	601 語
サンウルブズ開幕７連敗　スーパーラグビー	2016/4/17	産経新聞 東京本社版	202 語
【主張】Ｇ２０共同声明　税逃れ防ぐ枠組み広げよ	2016/4/17	産経新聞 東京本社版	868 語
【熊本地震】温泉に泥水…観光地直撃	2016/4/17	産経新聞 東京本社版	489 語
沖縄知事が来月訪米　「辺野古」阻止へ高官らと面談計画	2016/4/17	産経新聞 東京本社版	337 語
【主張】熊本地震　自然災害は不測をはらむ	2016/4/17	産経新聞 東京本社版	828 語
重永、４打差２位　東建ホームメイト・カップゴルフ	2016/4/17	産経新聞 東京本社版	620 語
阿蘇噴火「関連ない」	2016/4/17	産経新聞 東京本社版	529 語
日本はすでにタックスヘイブン対策導入　新興国の抜け道封じが課題	2016/4/17	産経新聞 東京本社版	747 語
【熊本地震】政府、米に支援要請	2016/4/17	産経新聞 東京本社版	673 語
【熊本地震】阿蘇神社の重文倒壊　日赤発祥の洋館も全壊	2016/4/17	産経新聞 東京本社版	364 語
【熊本地震】日産やソニー、現地工場休止	2016/4/17	産経新聞 東京本社版	680 語
安保理、北ミサイル発射を非難　加盟国に決議履行促す	2016/4/17	産経新聞 東京本社版	354 語
【熊本地震】断層の長さ５０キロ、１．８メートルずれ	2016/4/17	産経新聞 東京本社版	308 語
【Ｊ１リーグ】第１Ｓ第７節（１６日）大久保、通算１６１ゴール	2016/4/17	産経新聞 東京本社版	328 語
【Ｊ１リーグ】第１Ｓ第７節（１６日）浦和多彩、３発快勝	2016/4/17	産経新聞 東京本社版	538 語
サトノダイヤモンド２．９倍　競馬・皐月賞	2016/4/17	産経新聞 東京本社版	442 語
ＴＰＰ、首相欠席でも審議　熊本地震受け民進が協力申し入れ	2016/4/17	産経新聞 東京本社版	349 語
【熊本地震】警視庁、広域緊急援助隊１５０人を派遣	2016/4/17	産経新聞 東京本社版	282 語
熊本地震、韓国で「揺れた」通報３９００件　「もはや安全域でない」広がる不安	2016/4/17	産経新聞 東京本社版	374 語
【Ｊ１リーグ】第１Ｓ第７節（１６日）植田鼓舞、鹿島完封劇	2016/4/17	産経新聞 東京本社版	483 語
リオ切符懸けきょう柔道全日本女子　田知本リード／正念場の山部	2016/4/17	産経新聞 東京本社版	372 語
重永、故郷へ家族へ逆転Ｖ諦めない　東建ホームメイト・カップゴルフ	2016/4/17	産経新聞 東京本社版	464 語
【熊本地震】「とと姉ちゃん」放送延期	2016/4/17	産経新聞 東京本社版	80 語
【Ｊ１リーグ】第１Ｓ第７節（１６日）浦和３−１仙台	2016/4/17	産経新聞 東京本社版	179 語
【プロ野球】日本ハム８−２ロッテ	2016/4/17	産経新聞 東京本社版	161 語
尖閣警備の専従部隊を披露	2016/4/17	産経新聞 東京本社版	151 語
【プロ野球】巨人６−５広島	2016/4/17	産経新聞 東京本社版	182 語
尖閣周辺に中国公船３隻	2016/4/17	産経新聞 東京本社版	102 語
【Ｊ１リーグ】第１Ｓ第７節（１６日）大宮１−１甲府	2016/4/17	産経新聞 東京本社版	161 語
【Ｊ１リーグ】第１Ｓ第７節（１６日）磐田１−５横浜Ｍ	2016/4/17	産経新聞 東京本社版	206 語
チェコ英語略称「チェキア」に	2016/4/17	産経新聞 東京本社版	109 語
【熊本地震】全社協「災害ボランティア控えて」	2016/4/17	産経新聞 東京本社版	140 語
【熊本地震】緊急地震速報で誤報	2016/4/17	産経新聞 東京本社版	163 語
【熊本地震】首相ら視察延期	2016/4/17	産経新聞 東京本社版	124 語
【プロ野球】熊本出身の阪神・岩貞、勇気づける１０Ｋ	2016/4/17	産経新聞 東京本社版	435 語
【プロ野球】西武７−４オリックス	2016/4/17	産経新聞 東京本社版	186 語
東日本大震災の被害	2016/4/17	産経新聞 東京本社版	41 語
【プロ野球】ヤクルト４−０ＤｅＮＡ	2016/4/17	産経新聞 東京本社版	173 語
テロ準備容疑で英で５人逮捕	2016/4/17	産経新聞 東京本社版	111 語
ＪＩ創設者のバシル受刑者を移送	2016/4/17	産経新聞 東京本社版	149 語
【Ｊ１リーグ】第１Ｓ第７節（１６日）湘南０−３鹿島	2016/4/17	産経新聞 東京本社版	164 語
【東京六大学野球】明大サヨナラ	2016/4/17	産経新聞 東京本社版	597 語
法王が難民流入の最前線訪問	2016/4/17	産経新聞 東京本社版	139 語
【熊本地震】亡くなった方々	2016/4/17	産経新聞 東京本社版	1303 語
露機接近に米国務長官が抗議	2016/4/17	産経新聞 東京本社版	111 語
【プロ野球】中日４−３阪神	2016/4/17	産経新聞 東京本社版	158 語
【Ｊ１リーグ】第１Ｓ第７節（１６日）Ｆ東京２−４川崎	2016/4/17	産経新聞 東京本社版	199 語
【熊本地震】上原らも心配「協力したい」　米大リーグ	2016/4/17	産経新聞 東京本社版	314 語
【安倍日誌】１６日（土）	2016/4/17	産経新聞 東京本社版	331 語
【訃報】柏崎驍二氏（歌人）	2016/4/17	産経新聞 東京本社版	114 語
ホンダ勢は１２、１３番手　Ｆ１	2016/4/17	産経新聞 東京本社版	210 語
【プロ野球】巨人・立岡、故郷へ届け　奮闘３安打「今こそ」	2016/4/17	産経新聞 東京本社版	484 語
セウォル号沈没２年　韓国で追悼	2016/4/17	産経新聞 東京本社版	264 語
岩田は７３で６３位　米男子ゴルフ	2016/4/17	産経新聞 東京本社版	178 語
【米大リーグ】青木無安打	2016/4/17	産経新聞 東京本社版	486 語
【熊本地震】海外から支援・見舞う声	2016/4/17	産経新聞 東京本社版	700 語
サッカーくじ　いずれも的中扱い	2016/4/17	産経新聞 東京本社版	123 語
東京大会２会場を決定　国際パラリンピック委員会	2016/4/17	産経新聞 東京本社版	259 語
熊本地震救援金受け付け	2016/4/17	産経新聞 東京本社版	274 語
薬物検査改革の確立まで２年　ＷＡＤＡ見解	2016/4/17	産経新聞 東京本社版	334 語
【児童書】『穴の本』ピーター・ニューエル著、高山宏訳	2016/4/17	産経新聞 東京本社版	435 語
清武、被災地気遣う　弟が熊本所属、「身近に感じた」　海外サッカー	2016/4/17	産経新聞 東京本社版	284 語
首都大学リーグ（１６日、大田スタジアム）	2016/4/17	産経新聞 東京本社版	88 語
【記録コーナー】１６日　プロボクシング	2016/4/17	産経新聞 東京本社版	86 語
野村１２位浮上　米女子ゴルフ	2016/4/17	産経新聞 東京本社版	400 語
【書評】『図説　ナポレオン　政治と戦争　フランスの独裁者が描いた軌跡』	2016/4/17	産経新聞 東京本社版	283 語
１８日に「団塊世代の仏教入門」	2016/4/17	産経新聞 東京本社版	153 語
【フード　食】トレンド　進化するハンバーガー　こだわりの肉、有機野菜…	2016/4/17	産経新聞 東京本社版	1260 語
新国立建設予定地で職業不詳の男を逮捕　強制執行妨害容疑	2016/4/17	産経新聞 東京本社版	279 語
サッカー女子米国代表のソロ、五輪参加を決断	2016/4/17	産経新聞 東京本社版	133 語
【熊本地震】広がる被災地支援　渋谷区は毛布１７００枚	2016/4/17	産経新聞 東京本社版	327 語
日本、男女で決勝へ　バドミントン	2016/4/17	産経新聞 東京本社版	169 語
【Ｊリーグ記録メモ】１００試合連続フル出場	2016/4/17	産経新聞 東京本社版	63 語
高橋が１０キロ競歩で日本新	2016/4/17	産経新聞 東京本社版	182 語
立命大・東が無安打無得点　関西学生野球	2016/4/17	産経新聞 東京本社版	206 語
【熊本地震】Ｊやゴルフなど義援金呼び掛け	2016/4/17	産経新聞 東京本社版	319 語
【熊本地震】激震と雨「村が崩壊」　ストレスから狭心症発作も	2016/4/17	産経新聞 東京本社版	1013 語
【アート　美】「ＭＩＹＡＫＥ　ＩＳＳＥＹ展」一枚の布から未来をデザイン	2016/4/17	産経新聞 東京本社版	1612 語
【Ｊ２リーグ】第８節（１６日）	2016/4/17	産経新聞 東京本社版	24 語
視覚に響くリズムと旋律　ろう者が制作「音のない音楽映画」来月公開	2016/4/17	産経新聞 東京本社版	1093 語
【Ｊ１リーグ】第１Ｓ第７節（１６日）首位川崎、ＦＣ東京に逆転勝ち	2016/4/17	産経新聞 東京本社版	194 語
【熊本地震】震度６続発　Ｍ７．３が「本震」、死者計４１人９万人避難	2016/4/17	産経新聞 東京本社版	880 語
【日曜に書く】論説委員・清湖口敏　花見も政治も「タイミング」	2016/4/17	産経新聞 東京本社版	1655 語
Ｇ２０、税逃れ阻止へ協調　声明採択　口座情報共有を各国に要請	2016/4/17	産経新聞 東京本社版	561 語
【熊本地震】プロ野球など中止相次ぐ　楽天「今度は自分たちが支援」	2016/4/17	産経新聞 東京本社版	1198 語
国連総長選９候補公聴会　初の女性選出機運　クラーク氏とボコバ氏有力	2016/4/17	産経新聞 東京本社版	1045 語
【熊本地震】４５市町村に避難促す　強い風雨、土砂崩れ警戒	2016/4/17	産経新聞 東京本社版	672 語
【ひなちゃんパパの家族レシピ】グリーンピースのやわらか煮	2016/4/17	産経新聞 東京本社版	868 語
【熊本地震】震源が北東側へ移動　異例の広域連鎖、拡大も	2016/4/17	産経新聞 東京本社版	777 語
【地元ネタファイル】滋賀　琵琶湖の花火、ホテル屋上で鑑賞	2016/4/17	産経新聞 東京本社版	253 語
【書評】『おいしいもののまわり』土井善晴著	2016/4/17	産経新聞 東京本社版	807 語
【熊本地震】前震・本震「地震学上、予測は困難」	2016/4/17	産経新聞 東京本社版	557 語
【地元ネタファイル】山梨　芝に寝転び、甲府盆地を一望	2016/4/17	産経新聞 東京本社版	236 語
【鑑賞眼】三Ｋ辰文舎落語＆ライブ　噺家たちの“二刀流”	2016/4/17	産経新聞 東京本社版	558 語
【ウェーブ産経】きもの装いの女王に東京の余語さん	2016/4/17	産経新聞 東京本社版	317 語
【ウェーブ産経】ランチパスポート中野版Ｖｏｌ．１　夕刊フジから発売中	2016/4/17	産経新聞 東京本社版	589 語
【ウェーブ産経】足ツボ特別施術半額券を３人に	2016/4/17	産経新聞 東京本社版	314 語
【手帖】日本の制服がわかる“図鑑”	2016/4/17	産経新聞 東京本社版	235 語
【手帖】「化石」を知る入門書	2016/4/17	産経新聞 東京本社版	241 語
【東京五輪あと１５５９日】「たばこのない五輪」推進	2016/4/17	産経新聞 東京本社版	477 語
【ウェーブ産経】５月２４日・勝浦で夕刊フジゴルフ大会　５人優待	2016/4/17	産経新聞 東京本社版	264 語
【皇室ウイークリー】９日〜１５日	2016/4/17	産経新聞 東京本社版	1334 語
【書評】『原爆供養塔　忘れられた遺骨の７０年』堀川惠子著	2016/4/17	産経新聞 東京本社版	271 語
【ウェーブ産経】試写会ご招待　エンド・オブ・キングダム　５０組	2016/4/17	産経新聞 東京本社版	165 語
【第２８期女流名人戦】三番勝負第１局（４）	2016/4/17	産経新聞 東京本社版	855 語
【ＷＯＷＯＷ】ＮＢＡバスケットボール　プレーオフ開幕戦！	2016/4/17	産経新聞 東京本社版	653 語
【産経抄】	2016/4/17	産経新聞 東京本社版	643 語
【第５４期森ビル杯　十段戦】五番勝負　第２局第９譜	2016/4/17	産経新聞 東京本社版	461 語
正論ＳＰあす発売　正論スペシャル版そうだったのか！日本国憲法１００の論点	2016/4/17	産経新聞 東京本社版	333 語
【聞きたい。】一色さゆりさん　『神の値段』	2016/4/17	産経新聞 東京本社版	786 語
【移住のススメ】長野県茅野市　１カ月単位で体験住宅	2016/4/17	産経新聞 東京本社版	612 語
【ステージ　芸】大槻能楽堂　今年も小中学校巡回公演	2016/4/17	産経新聞 東京本社版	815 語
【朝の詩】はるのゆめ	2016/4/17	産経新聞 東京本社版	92 語
【ウェーブ産経】会員証提示で「黄金のアフガン展」割引	2016/4/17	産経新聞 東京本社版	178 語
【ウェーブ産経】イベント報告　お洗濯セミナー（４月１４日）	2016/4/17	産経新聞 東京本社版	252 語
【編集日誌】名経営者は晩節を汚したのか？	2016/4/17	産経新聞 東京本社版	340 語
【独立不羈】河合栄治郎とその後の時代（４０）その生涯編　東大アカデミズム	2016/4/17	産経新聞 東京本社版	2138 語
崩壊４時間半、生き埋めを仲間が支え　携帯で遺書、一転生還	2016/4/17	産経新聞 東京本社版	1314 語
【リーダーの素顔】ミャンマー建国ファンドＣＥＯ・房広治さん（５６）	2016/4/17	産経新聞 東京本社版	1553 語
【第８７期棋聖戦】本戦１回戦　第５局第１譜	2016/4/17	産経新聞 東京本社版	562 語
【書評】『ベイリィさんのみゆき画廊　銀座をみつめた５０年』	2016/4/17	産経新聞 東京本社版	818 語
【黄門様のまちを走ろう！　漫遊マラソン】完走賞は「葵の御紋」メダル	2016/4/17	産経新聞 東京本社版	1255 語
【書評】『自由について　金子光晴老境随想』	2016/4/17	産経新聞 東京本社版	267 語
【書評】『くれなゐの紐』須賀しのぶ著	2016/4/17	産経新聞 東京本社版	836 語
【花形出番です】歌舞伎俳優・中村萬太郎さん（２６）（３）	2016/4/17	産経新聞 東京本社版	592 語
【日曜講座　少子高齢時代】論説委員・河合雅司　「多死社会」を乗り越える	2016/4/17	産経新聞 東京本社版	1592 語
大船渡市へ激励の野球ボール　板橋のメッキ工場社長が寄贈	2016/4/17	産経新聞 東京本社版	339 語
【ウェーブ産経】ライブビューイング「蝶々夫人」に１０組	2016/4/17	産経新聞 東京本社版	269 語
【おやこ新聞】今週のテーマ　認知症事故訴訟の流れ	2016/4/17	産経新聞 東京本社版	1192 語
【ウェーブ産経】２６、２７日に終活大学フェア	2016/4/17	産経新聞 東京本社版	195 語
【ウェーブ産経】日本海海戦１１１年ライブに５人招待	2016/4/17	産経新聞 東京本社版	299 語
【ご当地ソングランキング】南北海道編　五輪テーマソングも	2016/4/17	産経新聞 東京本社版	376 語
【熊本地震】ドキュメント（１６日）	2016/4/17	産経新聞 東京本社版	891 語
【世界裏舞台】作家・佐藤優　官邸直属の「諜報機関」を	2016/4/17	産経新聞 東京本社版	1713 語
【ウェーブ産経】イベント報告　平野啓子さん公演会（３月２９日）	2016/4/17	産経新聞 東京本社版	253 語
【書評】『中東複合危機から第三次世界大戦へ　イスラームの悲劇』	2016/4/17	産経新聞 東京本社版	848 語
【ウェーブ産経】特ダネぐっず　電子吸着ボードを５人	2016/4/17	産経新聞 東京本社版	172 語
【ウェーブ産経】ホテルオークラ東京・大使夫人のガーデニングに２０組招待	2016/4/17	産経新聞 東京本社版	293 語
【ウェーブ産経】イベント・プレゼントの応募方法	2016/4/17	産経新聞 東京本社版	531 語
【新聞に喝！】ビジネスの観点で保育モデルを	2016/4/17	産経新聞 東京本社版	984 語
【おもしろ競馬学】実は１強？　ダイヤの輝き	2016/4/17	産経新聞 東京本社版	753 語
【外信コラム】イタリア便り　二院制廃止	2016/4/17	産経新聞 東京本社版	504 語
【ウェーブ産経】特ダネぐっず　肩甲骨ストレッチ用ポールを２人	2016/4/17	産経新聞 東京本社版	163 語
【路上感撮】ピアノを弾くおじさん	2016/4/17	産経新聞 東京本社版	258 語
【ビジネスパーソンの必読書】	2016/4/17	産経新聞 東京本社版	1311 語
【ウェーブ産経】動物の間近に迫る！　岩手サファリに５組	2016/4/17	産経新聞 東京本社版	259 語
【ウェーブ産経】試写会ご招待　世界から猫が消えたなら　２２組	2016/4/17	産経新聞 東京本社版	167 語
【ウェーブ産経】ポーラ美術館のフランス「美の近代」に３組	2016/4/17	産経新聞 東京本社版	204 語
【手帖】神社の魅力を図解	2016/4/17	産経新聞 東京本社版	140 語
【ウェーブ産経】イベント報告　日本酒セミナー（３月３０日）	2016/4/17	産経新聞 東京本社版	276 語
【ウェーブ産経】水戸黄門漫遊マラソン、２５日から受け付け	2016/4/17	産経新聞 東京本社版	334 語
【地元ネタファイル】宮城　多賀城に全国３カ所目のツタヤ図書館	2016/4/17	産経新聞 東京本社版	207 語
【地元ネタファイル】広島　酒どころ西条で「ほろよい散歩セット」	2016/4/17	産経新聞 東京本社版	258 語
【書評】『国士舘物語』栗山圭介著	2016/4/17	産経新聞 東京本社版	265 語
【第２４回産経志塾】親日的な台湾に関心持って	2016/4/16	産経新聞 東京本社版	1920 語
与野党、震災対応を優先　国会会期延長も　ＴＰＰ特別委審議持ち越し	2016/4/16	産経新聞 東京本社版	901 語
【熊本地震】揺れ「阪神」と類似　周期１〜２秒、木造家屋に被害	2016/4/16	産経新聞 東京本社版	1020 語
岡崎「もっと貪欲になる」　適応力でレスター首位に貢献　海外サッカー	2016/4/16	産経新聞 東京本社版	778 語
【熊本地震】ホンダ、トヨタなど工場停止　「復旧まで時間かかる」	2016/4/16	産経新聞 東京本社版	697 語
日本「成長しながら進む」　サッカー五輪１次Ｌは過酷Ｂ組	2016/4/16	産経新聞 東京本社版	444 語
【熊本地震】両陛下、被害にご心痛	2016/4/16	産経新聞 東京本社版	451 語
外交青書　領土・領海重視鮮明に　東シナ海「情勢悪化」／尖閣「主張する」	2016/4/16	産経新聞 東京本社版	874 語
中国成長鈍化　「ゾンビ企業」対策課題に	2016/4/16	産経新聞 東京本社版	875 語
北方領土問題　日露平和条約を早期に協議　「首脳会談後」で外相一致	2016/4/16	産経新聞 東京本社版	593 語
田母神容疑者逮捕　元事務局長、証拠隠滅か　投票日にデータ消去	2016/4/16	産経新聞 東京本社版	590 語
神戸山口組の指定公示　兵庫県公安委　分裂８カ月、異例の早さ	2016/4/16	産経新聞 東京本社版	590 語
Ｇ２０　「財政出動」には各国尻込み　日本温存、ドイツは慎重	2016/4/16	産経新聞 東京本社版	546 語
野口一問一答　「北京五輪で故障が尾を引く」	2016/4/16	産経新聞 東京本社版	379 語
東芝・富士通・ＶＡＩＯパソコン統合、白紙の公算　意見に隔たり	2016/4/16	産経新聞 東京本社版	550 語
海自潜水艦が豪に初寄港　性能アピール　共同訓練、中国を牽制	2016/4/16	産経新聞 東京本社版	556 語
野口、涙と笑顔の引退会見　「思う存分走り切れた」　陸上	2016/4/16	産経新聞 東京本社版	757 語
北、ミサイル失敗　初の中距離弾道「ムスダン」	2016/4/16	産経新聞 東京本社版	464 語
【プロ野球】ハム打線爆発１３点　初打点の松本が火付け役	2016/4/16	産経新聞 東京本社版	408 語
【熊本地震】政府、激甚災害指定へ　首相きょう現地視察	2016/4/16	産経新聞 東京本社版	471 語
【熊本地震】生後８カ月赤ちゃん助かった　６時間半ぶり	2016/4/16	産経新聞 東京本社版	679 語
中国成長鈍化、歯止めかからず　１〜３月期ＧＤＰ６．７％増、７年ぶり低水準	2016/4/16	産経新聞 東京本社版	358 語
【熊本地震】新幹線なぜ全車両脱線　微動検知間に合わず？	2016/4/16	産経新聞 東京本社版	700 語
インバウンドセミナー塾生募集　来月１６、１７日開講	2016/4/16	産経新聞 東京本社版	458 語
Ｇ２０の為替介入「正当化」に政府・日銀安堵	2016/4/16	産経新聞 東京本社版	556 語
セブン＆アイＨＤ　バランス人事で混乱収束へ	2016/4/16	産経新聞 東京本社版	706 語
ゴールデン街の火災受け赤羽で緊急防火指導	2016/4/16	産経新聞 東京本社版	315 語
衆院選改革　自公と民進が法案提出	2016/4/16	産経新聞 東京本社版	270 語
川崎老人ホーム転落死　元職員の男を３回目起訴	2016/4/16	産経新聞 東京本社版	330 語
連合の初代会長・山岸章氏、死去　８６歳	2016/4/16	産経新聞 東京本社版	186 語
都、パラ競技施設整備への支援を五輪協議会に要望	2016/4/16	産経新聞 東京本社版	255 語
自民、１億総活躍プラン提言案　「欧州並みの労働条件に」	2016/4/16	産経新聞 東京本社版	364 語
東電社長「新規参入に対抗策検討」	2016/4/16	産経新聞 東京本社版	301 語
サトノダイヤモンド１．６倍　皐月賞	2016/4/16	産経新聞 東京本社版	432 語
南シナ海共同哨戒に意欲　比訪問の米国防長官、空母も視察	2016/4/16	産経新聞 東京本社版	478 語
尖閣・竹島の主権裏付ける資料公開　内閣官房ＨＰ	2016/4/16	産経新聞 東京本社版	556 語
【熊本地震】デマツイート拡散	2016/4/16	産経新聞 東京本社版	349 語
プロペラ機で日本に狙い　仏伊ＡＴＲ、短距離輸送でＭＲＪ補完	2016/4/16	産経新聞 東京本社版	1036 語
【熊本地震】陥没した道路、屋根瓦が崩落　空から見た益城	2016/4/16	産経新聞 東京本社版	544 語
正恩氏の威信傷つく　北「ムスダン」失敗　挽回へさらなる挑発も	2016/4/16	産経新聞 東京本社版	823 語
国内のイノベーション促進へ高給で研究者確保	2016/4/16	産経新聞 東京本社版	390 語
英国民投票にＥＵ警戒「統合揺るがす」	2016/4/16	産経新聞 東京本社版	456 語
【熊本地震】インフラ混乱続く	2016/4/16	産経新聞 東京本社版	650 語
都立高２年の男子生徒、飛び降り死亡	2016/4/16	産経新聞 東京本社版	168 語
バド協会への強化費配分決定作業を留保　鈴木長官	2016/4/16	産経新聞 東京本社版	449 語
【熊本地震】被災学生に奨学金新設	2016/4/16	産経新聞 東京本社版	95 語
【Ｊ１リーグ】第１Ｓ第７節（１５日）広島１−０新潟	2016/4/16	産経新聞 東京本社版	356 語
北の貨物船をメキシコ没収　韓国報道、制裁関連か	2016/4/16	産経新聞 東京本社版	278 語
安保法廃止の訴え却下、最高裁確定	2016/4/16	産経新聞 東京本社版	167 語
尖閣周辺に２日連続で中国公船	2016/4/16	産経新聞 東京本社版	105 語
天文衛星「ひとみ」、誤作動で機体回転	2016/4/16	産経新聞 東京本社版	231 語
【プロ野球】ソフトバンク・内川　被災地思い涙ぐむ	2016/4/16	産経新聞 東京本社版	246 語
東日本大震災の被害	2016/4/16	産経新聞 東京本社版	41 語
【プロ野球】中日６−０阪神	2016/4/16	産経新聞 東京本社版	170 語
【プロ野球】ソフトバンク３−２楽天	2016/4/16	産経新聞 東京本社版	191 語
改正サイバーセキュリティ基本法が成立	2016/4/16	産経新聞 東京本社版	160 語
台湾・蔡次期政権の主要人事発表	2016/4/16	産経新聞 東京本社版	247 語
【プロ野球】日本ハム１３−３ロッテ	2016/4/16	産経新聞 東京本社版	196 語
山形・東京３人殺害で最高裁弁論	2016/4/16	産経新聞 東京本社版	205 語
【熊本地震】免責条項適用せず保険金支払い	2016/4/16	産経新聞 東京本社版	208 語
色丹島に露最高検幹部ら急派　給与遅配直訴、調査へ	2016/4/16	産経新聞 東京本社版	226 語
【熊本地震】保険証なくとも保険扱いで受診可能	2016/4/16	産経新聞 東京本社版	110 語
旧民主の憲法提言、民進は引き継がず	2016/4/16	産経新聞 東京本社版	156 語
中国軍制服組トップが南シナ海施設視察	2016/4/16	産経新聞 東京本社版	183 語
テロ対策不十分でベルギー交通相辞任	2016/4/16	産経新聞 東京本社版	180 語
クレディ・スイス処分を金融庁に勧告	2016/4/16	産経新聞 東京本社版	144 語
【Ｊ１リーグ】第１Ｓ第７節（１５日）Ｇ大阪０−１柏	2016/4/16	産経新聞 東京本社版	162 語
新電力の日本ロジテック破産　負債１６３億円	2016/4/16	産経新聞 東京本社版	161 語
韓国与党に無所属当選の７人復党へ	2016/4/16	産経新聞 東京本社版	147 語
パナマ文書で引責、スペイン産業相辞表	2016/4/16	産経新聞 東京本社版	193 語
竹島「日本固有の領土」に韓国が反発	2016/4/16	産経新聞 東京本社版	157 語
【熊本地震】熊本城で長塀１００メートル倒壊	2016/4/16	産経新聞 東京本社版	154 語
ＫＤＤＩにもスマホ「実質０円」で注意	2016/4/16	産経新聞 東京本社版	160 語
【人事】ウォーターダイレクト	2016/4/16	産経新聞 東京本社版	85 語
【プロ野球】オリックス７−４西武	2016/4/16	産経新聞 東京本社版	173 語
ＮＹ予備選控え民主２候補激論	2016/4/16	産経新聞 東京本社版	149 語
高校球児に暴言の滋賀県議が謝罪	2016/4/16	産経新聞 東京本社版	186 語
人間国宝の宮薗千碌さん休演	2016/4/16	産経新聞 東京本社版	131 語
【熊本地震】県内の休校３９０校	2016/4/16	産経新聞 東京本社版	92 語
【熊本地震】くまモンＳＮＳ自粛	2016/4/16	産経新聞 東京本社版	454 語
【熊本地震】ドキュメント	2016/4/16	産経新聞 東京本社版	638 語
警察官を傷害容疑で告訴	2016/4/16	産経新聞 東京本社版	170 語
群馬の空き地に知人遺体埋める　死体遺棄容疑で男逮捕	2016/4/16	産経新聞 東京本社版	323 語
２３、２４日に「赤羽馬鹿祭り」	2016/4/16	産経新聞 東京本社版	221 語
足立区が臨時校長会	2016/4/16	産経新聞 東京本社版	190 語
【熊本地震】東日本大震災の被災地、恩返しへ	2016/4/16	産経新聞 東京本社版	272 語
日本・パナマ、２０日の首脳会談で円借款供与合意へ	2016/4/16	産経新聞 東京本社版	260 語
ヤクルトなど直接交渉へ　神宮使用中止問題	2016/4/16	産経新聞 東京本社版	167 語
【人事】松田産業	2016/4/16	産経新聞 東京本社版	79 語
熊本地震受け都議の視察中止	2016/4/16	産経新聞 東京本社版	180 語
【人事】コンドーテック	2016/4/16	産経新聞 東京本社版	30 語
永野、２打差２位　東建ホームメイト・カップゴルフ	2016/4/16	産経新聞 東京本社版	413 語
高橋狛江市長が再選出馬表明	2016/4/16	産経新聞 東京本社版	137 語
【人事】リソー教育	2016/4/16	産経新聞 東京本社版	61 語
臨海副都心で５月１４日に「３時間リレー」　参加者募集	2016/4/16	産経新聞 東京本社版	258 語
【人事】ルネサスエレクトロニクス	2016/4/16	産経新聞 東京本社版	52 語
【新社長】ルネサスエレクトロニクス　呉文精氏	2016/4/16	産経新聞 東京本社版	120 語
【人事】北沢産業	2016/4/16	産経新聞 東京本社版	60 語
【人事】高圧ガス工業	2016/4/16	産経新聞 東京本社版	42 語
故上田正昭氏（京都大名誉教授、日本古代史）をしのぶ会	2016/4/16	産経新聞 東京本社版	106 語
【人事】永谷園ホールディングス	2016/4/16	産経新聞 東京本社版	55 語
【人事】浅香工業	2016/4/16	産経新聞 東京本社版	49 語
【米大リーグ】川崎は出番なし	2016/4/16	産経新聞 東京本社版	268 語
ロシアなどの１４選手の資格停止解除　世界反ドーピング機関	2016/4/16	産経新聞 東京本社版	201 語
【人事】エコートレーディング	2016/4/16	産経新聞 東京本社版	41 語
英国民投票　ＩＭＦ「離脱は深刻な打撃」	2016/4/16	産経新聞 東京本社版	305 語
【人事】ＮＨＫ	2016/4/16	産経新聞 東京本社版	227 語
【新社長】ウォーターダイレクト　萩尾陽平氏	2016/4/16	産経新聞 東京本社版	108 語
【きのうきょう】ラジオ体操	2016/4/16	産経新聞 東京本社版	327 語
【訃報】高橋淳氏（元日本ペイント〈現日本ペイントホールディングス〉副社長）	2016/4/16	産経新聞 東京本社版	92 語
川崎マイナー降格　米大リーグ	2016/4/16	産経新聞 東京本社版	167 語
新宿ゴールデン街火災　建物侵入容疑者、窃盗目的と供述	2016/4/16	産経新聞 東京本社版	315 語
熊本地震の救援金受け付け	2016/4/16	産経新聞 東京本社版	275 語
【決算】２月期連結	2016/4/16	産経新聞 東京本社版	156 語
【人事】ヤマダ電機	2016/4/16	産経新聞 東京本社版	27 語
【人事】シャルレ	2016/4/16	産経新聞 東京本社版	30 語
【訃報】森晴路氏（手塚プロダクション資料室長）	2016/4/16	産経新聞 東京本社版	174 語
山口が世界ランク１位に勝利　バドミントン	2016/4/16	産経新聞 東京本社版	234 語
セクハラメール送った２７歳男性教諭を停職　都教委	2016/4/16	産経新聞 東京本社版	246 語
キッコーマンが協賛社に　東京五輪・パラリンピック組織委員会	2016/4/16	産経新聞 東京本社版	154 語
藍、２６位に浮上　米女子ゴルフ	2016/4/16	産経新聞 東京本社版	258 語
【プロ野球記録メモ】柳田（ソフトバンク）１６試合連続四球のパ・リーグ新記録	2016/4/16	産経新聞 東京本社版	96 語
マンＣ×レアル／Ａマドリード×Ｂミュンヘン　欧州ＣＬ準決勝	2016/4/16	産経新聞 東京本社版	360 語
【人事】一六堂	2016/4/16	産経新聞 東京本社版	35 語
【人事】ヤマダコーポレーション	2016/4/16	産経新聞 東京本社版	41 語
熊本空港に着陸のプロペラ機パンク	2016/4/16	産経新聞 東京本社版	241 語
あす増産凍結会合、イラン石油相欠席	2016/4/16	産経新聞 東京本社版	223 語
【Ｊ１リーグ】第１Ｓ第７節（１５日）広島、暫定４位浮上	2016/4/16	産経新聞 東京本社版	176 語
【人事】ＡＧＳ	2016/4/16	産経新聞 東京本社版	37 語
電事連新会長に勝野・中部電社長	2016/4/16	産経新聞 東京本社版	238 語
【熊本地震】厳しい基準　川内原発「問題なし」	2016/4/16	産経新聞 東京本社版	709 語
Ｇ２０、政策総動員など一致　課税の公平性も協議	2016/4/16	産経新聞 東京本社版	527 語
女性管理職向けファッション　リーダーらしい「華」「品格」両立	2016/4/16	産経新聞 東京本社版	1218 語
セブン＆アイＨＤ　次期社長に井阪氏内定　辞任表明の鈴木氏は名誉顧問	2016/4/16	産経新聞 東京本社版	443 語
【だまされるな特殊詐欺！】被害にあわないために　カネが絡む話は嘘と心得る	2016/4/16	産経新聞 東京本社版	997 語
【秘録　金正日】終章−３代世襲の行方−（上）最高指導者を演出する与正	2016/4/16	産経新聞 東京本社版	2465 語
【Ｊ１リーグ】第１Ｓ第７節（１５日）柏連勝、反転攻勢	2016/4/16	産経新聞 東京本社版	429 語
【熊本地震】余震やまず車中泊　「眠れない」避難所も満杯	2016/4/16	産経新聞 東京本社版	684 語
【熊本地震】大規模余震が最多ペース　震源活断層、複雑に破壊か	2016/4/16	産経新聞 東京本社版	783 語
英国民投票　キャンペーン開始　首相、投資問題で求心力低下	2016/4/16	産経新聞 東京本社版	774 語
【熊本地震】家屋倒壊、母が夫が…　犠牲者は川沿いに集中	2016/4/16	産経新聞 東京本社版	1470 語
民進つぶやき“炎上”　熊本地震　「３・１１」の自民対応を揶揄	2016/4/16	産経新聞 東京本社版	818 語
【熊本地震】死者９人、負傷１０００人　余震１５０回超、土砂災害警戒	2016/4/16	産経新聞 東京本社版	897 語
【熊本地震】女子ゴルフ開催中止　主催者「選手の安全確保」	2016/4/16	産経新聞 東京本社版	1032 語
【第２４回産経志塾】目標と分析、応用	2016/4/16	産経新聞 東京本社版	848 語
【東京五輪あと１５６０日】近未来ではないサイバーリスク	2016/4/16	産経新聞 東京本社版	454 語
【第２４回産経志塾】戦没者慰霊、国防に不可欠	2016/4/16	産経新聞 東京本社版	2020 語
【谷賢一の演劇地獄道】（１）生徒指導室で出会った奇跡	2016/4/16	産経新聞 東京本社版	1014 語
【書評倶楽部】『東大教師が新入生にすすめる本　２００９−２０１５』	2016/4/16	産経新聞 東京本社版	818 語
【産経抄】	2016/4/16	産経新聞 東京本社版	654 語
【評伝】初代連合会長・山岸章氏　非自民政権の樹立に尽力と落胆と	2016/4/16	産経新聞 東京本社版	557 語
【人生相談　あすへのヒント】転職して後悔	2016/4/16	産経新聞 東京本社版	1195 語
「１７８９−バスティーユの恋人たち−」　凰稀かなめ「女優デビュー」	2016/4/16	産経新聞 東京本社版	962 語
【チェルノブイリと福島】（下）被曝者４０００人、甲状腺がんに	2016/4/16	産経新聞 東京本社版	1299 語
【フジテレビＯＮＥ　ＴＷＯ　ＮＥＸＴ】	2016/4/16	産経新聞 東京本社版	436 語
【第２４回産経志塾】志を立て、努力積み重ねる	2016/4/16	産経新聞 東京本社版	2065 語
【鑑賞眼】シス・カンパニー「アルカディア」　爽快な謎解き、知的興奮呼ぶ傑作	2016/4/16	産経新聞 東京本社版	596 語
【外信コラム】ソウルからヨボセヨ　太陽節の贈り物	2016/4/16	産経新聞 東京本社版	537 語
【第５４期森ビル杯　十段戦】五番勝負　第２局第８譜	2016/4/16	産経新聞 東京本社版	446 語
【緯度経度】ソウル・黒田勝弘　「日韓非核同盟」なんて…夢？	2016/4/16	産経新聞 東京本社版	1227 語
【編集者のおすすめ】『活学新書　ポケット修養訓』藤尾秀昭著	2016/4/16	産経新聞 東京本社版	606 語
週間ベストセラー〈４月１２日　トーハン調べ　総合〉	2016/4/16	産経新聞 東京本社版	383 語
きょうから文学座アトリエで「野鴨」	2016/4/16	産経新聞 東京本社版	316 語
【天皇、皇后両陛下ご動静】１５日　金曜	2016/4/16	産経新聞 東京本社版	106 語
【編集日誌】大一番、楽しみ増えた	2016/4/16	産経新聞 東京本社版	330 語
【花田紀凱の週刊誌ウォッチング】（５６１）	2016/4/16	産経新聞 東京本社版	682 語
男性２人をホテルに１６時間監禁、熱湯浴びせカネ奪う	2016/4/16	産経新聞 東京本社版	350 語
【すっきりハッピーライフ】（７９）作りおき調理での心掛け	2016/4/16	産経新聞 東京本社版	675 語
【主張】熊本で震度７　住民の安全確保最優先に	2016/4/16	産経新聞 東京本社版	1521 語
【あすの「新報道２００１」】	2016/4/16	産経新聞 東京本社版	249 語
【朝の詩】青いインク	2016/4/16	産経新聞 東京本社版	134 語
【第８７期棋聖戦】本戦１回戦　第４局第７譜	2016/4/16	産経新聞 東京本社版	507 語
【話題の本】『翔んで埼玉』魔夜峰央著	2016/4/16	産経新聞 東京本社版	474 語
【ふりさけみれば　−昭和天皇の８７年】（３１７）川瀬弘至	2016/4/16	産経新聞 東京本社版	1141 語
【サンスポ競馬】皐月賞	2016/4/16	産経新聞 東京本社版	125 語
【一筆多論】「職親」を知ってますか　沢辺隆雄	2016/4/16	産経新聞 東京本社版	1152 語
【安倍日誌】１５日（金）	2016/4/16	産経新聞 東京本社版	531 語
珍種の桜「御衣黄」満開	2016/4/16	産経新聞 東京本社版	235 語
【フジサンケイグループ広告大賞】（３）パナソニック	2016/4/16	産経新聞 東京本社版	622 語
【編集者のおすすめ】『ダークマターと恐竜絶滅　−新理論で宇宙の謎に迫る』	2016/4/16	産経新聞 東京本社版	655 語
熊本・震度７　ホンダ、生産ストップ　日生、４人けが	2016/4/15	産経新聞 東京本社版	634 語
熊本で震度７　２つの活断層交差　直下型「大きな被害」	2016/4/15	産経新聞 東京本社版	588 語
手倉森Ｊ、難敵ぞろい　サッカー五輪１次Ｌ	2016/4/15	産経新聞 東京本社版	465 語
【第５４期囲碁十段戦・本社主催】第３局　伊田十段、驚異の粘り発揮	2016/4/15	産経新聞 東京本社版	562 語
田母神元空幕長逮捕　識者「言論リーダーとして見られず」	2016/4/15	産経新聞 東京本社版	439 語
韓国大統領選　消えた与党候補　潘基文氏の出馬に期待感も	2016/4/15	産経新聞 東京本社版	742 語
野口、ケガ恐れず貫いた美学　女子マラソン	2016/4/15	産経新聞 東京本社版	555 語
露軍機、米艦に異常接近　バルト海　２日間で３８回、最短９メートル	2016/4/15	産経新聞 東京本社版	462 語
【平成２８年春闘】トヨタは正社員の倍のベア　非正規従業員の待遇改善相次ぐ	2016/4/15	産経新聞 東京本社版	648 語
東京地検、田母神元空幕長を逮捕　都知事選、運動員買収疑い	2016/4/15	産経新聞 東京本社版	589 語
野口が現役引退　アテネ五輪マラソン「金」　きょう会見	2016/4/15	産経新聞 東京本社版	417 語
比軍交戦、１８人死亡　過激派５人死亡　「イスラム国」犯行声明	2016/4/15	産経新聞 東京本社版	531 語
刑事司法改革　可視化法案、成立に道筋　参院委で審議入り	2016/4/15	産経新聞 東京本社版	579 語
セブン＆アイ　井阪新体制、ほぼ固まる　きょう指名・報酬委	2016/4/15	産経新聞 東京本社版	532 語
ＴＰＰ成立へ国会延長も　２週間程度　首相、月内判断	2016/4/15	産経新聞 東京本社版	548 語
選挙の女王、崩れる神話　業績残せず内紛にも嫌気　野党攻勢へ	2016/4/15	産経新聞 東京本社版	558 語
「書店失踪、中国公安が関与」米人権報告　前支局長問題も指摘	2016/4/15	産経新聞 東京本社版	686 語
同級生に殴られ小４意識不明　脳内出血で緊急手術　足立	2016/4/15	産経新聞 東京本社版	461 語
熊本・震度７　川内原発、運転を継続　停止の玄海も異常なし	2016/4/15	産経新聞 東京本社版	345 語
韓国与党、第一党転落　総選挙惨敗　代表が引責辞任	2016/4/15	産経新聞 東京本社版	573 語
熊本・震度７　横ずれ断層型と気象庁見解	2016/4/15	産経新聞 東京本社版	277 語
プーチン氏、パナマ文書「米の挑発」　テレビ対話、北方領土「いつか妥協も」	2016/4/15	産経新聞 東京本社版	473 語
【ＮＢＡ】コービー、有終６０得点	2016/4/15	産経新聞 東京本社版	437 語
北ミサイル、きょうにも発射か	2016/4/15	産経新聞 東京本社版	340 語
Ｇ２０　急な為替変動焦点　課税逃れ防止策も議論	2016/4/15	産経新聞 東京本社版	570 語
熊本・震度７　災害用伝言ダイヤル「１７１」運用開始	2016/4/15	産経新聞 東京本社版	323 語
五輪教育へ「ようい、ドン！」　アスリートらが校長に呼びかけ	2016/4/15	産経新聞 東京本社版	442 語
弁護士局部切断　被告「妻ともう一度暮らしたい」	2016/4/15	産経新聞 東京本社版	522 語
室伏元伊藤忠社長も「お別れの会」に１５４６人	2016/4/15	産経新聞 東京本社版	303 語
【平成２８年春闘】連合臨時集計　賃上げ率２・０６％	2016/4/15	産経新聞 東京本社版	366 語
１９歳母、乳児窒息させる　殺人未遂容疑「育児悩んでいた」　平塚	2016/4/15	産経新聞 東京本社版	445 語
調布市、３園開園できず　住民反対などで延期・撤回	2016/4/15	産経新聞 東京本社版	407 語
ヘリパッド移設への妨害行為　沖縄県、行政指導へ　政府と初の作業部会	2016/4/15	産経新聞 東京本社版	473 語
国会延長シミュレーション　絞られる参院選投開票日	2016/4/15	産経新聞 東京本社版	1111 語
【ＮＢＡ】ウォリアーズ、最多７３勝	2016/4/15	産経新聞 東京本社版	492 語
甘利氏問題　補償３回で２億８７００万円　ＵＲから建設会社に	2016/4/15	産経新聞 東京本社版	363 語
マカヒキ〔２〕枠（３）番　皐月賞	2016/4/15	産経新聞 東京本社版	221 語
都議２８人、リオ開閉会式視察へ	2016/4/15	産経新聞 東京本社版	317 語
井山、七冠持ち越し　伊田十段が勝利　十段戦第３局	2016/4/15	産経新聞 東京本社版	435 語
東証、円高一服で５２９円高　３営業日の上げ幅１１５９円	2016/4/15	産経新聞 東京本社版	346 語
バルサ連覇逃す　サッカー欧州ＣＬ	2016/4/15	産経新聞 東京本社版	533 語
首都圏のマンション発売戸数４万戸割れ　２７年度	2016/4/15	産経新聞 東京本社版	420 語
熊本・震度７　「ぐわんぐわん揺れていた」	2016/4/15	産経新聞 東京本社版	446 語
永野、重永が首位　東建ホームメイト・カップゴルフ	2016/4/15	産経新聞 東京本社版	316 語
伊藤、世界女王破る　卓球五輪アジア予選	2016/4/15	産経新聞 東京本社版	348 語
記憶遺産の制度改善　ユネスコ執行委が決議	2016/4/15	産経新聞 東京本社版	339 語
韓国総選挙　高い失業率、若者の反乱　京畿大政治専門大学院・朴相哲院長	2016/4/15	産経新聞 東京本社版	585 語
熊本・震度７　新幹線脱線、回送で乗客なし	2016/4/15	産経新聞 東京本社版	264 語
中国、南シナ海に戦闘機派遣	2016/4/15	産経新聞 東京本社版	344 語
連合→民進、３つの不信　旧維新／共産／政策	2016/4/15	産経新聞 東京本社版	898 語
【プロ野球】オリックス１−０日本ハム	2016/4/15	産経新聞 東京本社版	373 語
東日本大震災の被害	2016/4/15	産経新聞 東京本社版	41 語
コニカミノルタ、５年後に売上高１．５兆円	2016/4/15	産経新聞 東京本社版	179 語
中国公船３隻が一時領海侵入	2016/4/15	産経新聞 東京本社版	190 語
中国政策批判書き込み　弁護士資格を剥奪	2016/4/15	産経新聞 東京本社版	196 語
【東京五輪あと１５６１日】「ウエルカム」一歩ずつ	2016/4/15	産経新聞 東京本社版	471 語
セウォル号　７月に引き揚げ計画	2016/4/15	産経新聞 東京本社版	173 語
中国、大使呼び出しは日本のみ	2016/4/15	産経新聞 東京本社版	147 語
米「イスラム国へのサイバー攻撃が効果」	2016/4/15	産経新聞 東京本社版	186 語
病気腎移植、審査へ	2016/4/15	産経新聞 東京本社版	200 語
減税日本におおさか維新合流呼び掛け	2016/4/15	産経新聞 東京本社版	164 語
暴行疑いのトランプ氏側近、不起訴へ	2016/4/15	産経新聞 東京本社版	243 語
韓国大統領の妹は落選	2016/4/15	産経新聞 東京本社版	168 語
元Ｃ−Ｃ−Ｂメンバーまた逮捕	2016/4/15	産経新聞 東京本社版	162 語
【天皇、皇后両陛下ご動静】１４日　木曜	2016/4/15	産経新聞 東京本社版	145 語
ＥＵ議会　対テロで航空旅客情報収集	2016/4/15	産経新聞 東京本社版	214 語
露　パナマ文書で報道統制さらに強化	2016/4/15	産経新聞 東京本社版	157 語
【プロ野球】広島１０−１中日	2016/4/15	産経新聞 東京本社版	181 語
【プロ野球】阪神５−２ＤｅＮＡ	2016/4/15	産経新聞 東京本社版	179 語
川端康成文学賞に山田詠美さん	2016/4/15	産経新聞 東京本社版	121 語
自民議員「女の子はキャバクラに行く」	2016/4/15	産経新聞 東京本社版	192 語
「ネッシー」期待も…模型でした	2016/4/15	産経新聞 東京本社版	232 語
たばこラークなど８月から１０円値上げ	2016/4/15	産経新聞 東京本社版	168 語
【プロ野球】ヤクルト・バレ、主砲の底力　「気持ちいい」同点弾＆決勝打	2016/4/15	産経新聞 東京本社版	342 語
東電、次世代電力計の設置遅れ９月解消	2016/4/15	産経新聞 東京本社版	175 語
企業の２５．９％が「増収増益」見通し	2016/4/15	産経新聞 東京本社版	125 語
北、核実験は数日内の兆候なし	2016/4/15	産経新聞 東京本社版	164 語
元「歌のお兄さん」覚醒剤所持容疑	2016/4/15	産経新聞 東京本社版	195 語
【プロ野球】ヤクルト６−４巨人	2016/4/15	産経新聞 東京本社版	359 語
外相「Ｇ７声明の重み、中国に説明」	2016/4/15	産経新聞 東京本社版	201 語
ボコ・ハラム２１９人拉致　生徒の一部映像か	2016/4/15	産経新聞 東京本社版	195 語
ジカ熱は小頭症の原因	2016/4/15	産経新聞 東京本社版	175 語
預金より金、販売３割増	2016/4/15	産経新聞 東京本社版	310 語
【プロ野球】ロッテ９−２楽天	2016/4/15	産経新聞 東京本社版	355 語
桃田ら賭博謝罪　バド協会、再発防止を約束	2016/4/15	産経新聞 東京本社版	302 語
ＩＭＦ専務理事、余力ある国は財政出動せよ	2016/4/15	産経新聞 東京本社版	310 語
【人事】ロック・フィールド	2016/4/15	産経新聞 東京本社版	48 語
【シネマプレビュー】「ハロルドが笑うその日まで」	2016/4/15	産経新聞 東京本社版	264 語
練馬火災、死亡男性の名前訂正	2016/4/15	産経新聞 東京本社版	58 語
ＴＯＫＹＯウオーク、今年も５カ所で開催	2016/4/15	産経新聞 東京本社版	302 語
【シネマプレビュー】「コップ・カー」	2016/4/15	産経新聞 東京本社版	242 語
熊本の女子ゴルフ１日目は中止	2016/4/15	産経新聞 東京本社版	103 語
日産セレナなど７２万台リコール　三菱は１２万台	2016/4/15	産経新聞 東京本社版	311 語
リオ五輪の競泳日本代表主将に金藤	2016/4/15	産経新聞 東京本社版	194 語
東ガス社長、家庭用電力販売「今年度４０万件」	2016/4/15	産経新聞 東京本社版	342 語
【新社長】スター・マイカ　水永政志氏	2016/4/15	産経新聞 東京本社版	87 語
【訃報】坂下俊男氏（元三菱重工業副社長）	2016/4/15	産経新聞 東京本社版	110 語
長期利用者向け割引プラン拡充　ドコモ	2016/4/15	産経新聞 東京本社版	355 語
田母神容疑者一問一答	2016/4/15	産経新聞 東京本社版	382 語
【安倍日誌】１４日（木）	2016/4/15	産経新聞 東京本社版	792 語
野村２３位発進　米女子ゴルフ	2016/4/15	産経新聞 東京本社版	217 語
「歴史的事実認識を」　外相会談前に露声明　領土交渉を事実上拒否	2016/4/15	産経新聞 東京本社版	312 語
日本画巨匠が描いた色とりどりの桜３３点　福島・二本松で作品展	2016/4/15	産経新聞 東京本社版	365 語
【人事】ハイデイ日高	2016/4/15	産経新聞 東京本社版	41 語
【人事】スター・マイカ	2016/4/15	産経新聞 東京本社版	47 語
声優、大平透さん死去　「ハクション大魔王」	2016/4/15	産経新聞 東京本社版	338 語
蘇炳添が欠場　セイコー・ゴールデングランプリ川崎　陸上	2016/4/15	産経新聞 東京本社版	140 語
息子装い５０万円　男の画像を公開	2016/4/15	産経新聞 東京本社版	206 語
【記録コーナー】１４日　プロボクシング	2016/4/15	産経新聞 東京本社版	140 語
【新社長】ロック・フィールド　岩田弘三氏	2016/4/15	産経新聞 東京本社版	94 語
熊本・震度７　ＴＤＳ１５周年式典は中止に	2016/4/15	産経新聞 東京本社版	172 語
伊藤、リオへ大きな自信　卓球五輪アジア予選	2016/4/15	産経新聞 東京本社版	447 語
東京でも震度２	2016/4/15	産経新聞 東京本社版	100 語
【東都大学野球】国学院大、勝ち点	2016/4/15	産経新聞 東京本社版	150 語
国際テニス連盟、ＷＡＤＡに従い聴聞会　シャラポワ処分	2016/4/15	産経新聞 東京本社版	266 語
熊本で震度７　２人死亡、２００人超負傷　続く余震、新幹線脱線	2016/4/15	産経新聞 東京本社版	671 語
熊本・震度７　「政府一丸で応急対策」　首相、安全確保など３点指示	2016/4/15	産経新聞 東京本社版	547 語
【財務】	2016/4/15	産経新聞 東京本社版	43 語
韓国総選挙　不景気・失政の影響強く　韓国メディア分析	2016/4/15	産経新聞 東京本社版	742 語
永野と重永、同級生２人が持ち味発揮　東建ホームメイト・カップゴルフ	2016/4/15	産経新聞 東京本社版	450 語
【米大リーグ】今季初スタメン、イチロー１安打	2016/4/15	産経新聞 東京本社版	487 語
【決算】２月期連結	2016/4/15	産経新聞 東京本社版	911 語
日銀総裁ＶＳ三菱ＵＦＪ社長　マイナス金利、メガ銀と溝	2016/4/15	産経新聞 東京本社版	1030 語
熊本・震度７　「出られない、助けて」　暗闇の救助「被害わからない」	2016/4/15	産経新聞 東京本社版	507 語
手倉森Ｊ、Ｂ組に　サッカー五輪１次Ｌ	2016/4/15	産経新聞 東京本社版	838 語
河島英五没後１５年　亜奈睦と“初デュエット”　新しい世界「見せていこうや」	2016/4/15	産経新聞 東京本社版	1036 語
技術副委員長に山本氏　日本サッカー協会	2016/4/15	産経新聞 東京本社版	276 語
ＡＩＪ年金消失事件　元社長ら実刑確定へ　最高裁	2016/4/15	産経新聞 東京本社版	211 語
ＮＹに福島の滝桜、友好・復興の象徴に　知事、公園に植樹	2016/4/15	産経新聞 東京本社版	260 語
リオで最終視察　施設整備は順調　ＩＯＣ委員	2016/4/15	産経新聞 東京本社版	236 語
楽天・オコエ出場登録外れる　プロ野球	2016/4/15	産経新聞 東京本社版	146 語
料理を通して「生活の質」向上　介護予防、認知機能を改善	2016/4/15	産経新聞 東京本社版	1280 語
【シネマプレビュー】「グランドフィナーレ」	2016/4/15	産経新聞 東京本社版	457 語
マツダ本社工場で生産、北米向けＣＸ−９公開　「モノ造り革新」磨く円高耐性	2016/4/15	産経新聞 東京本社版	812 語
熊本・震度７　首相「夜を徹し救命」　防衛省、戦闘機で情報収集	2016/4/15	産経新聞 東京本社版	690 語
給付型奨学金、本格検討　政府・与党、参院選へ若者にアピール	2016/4/15	産経新聞 東京本社版	801 語
熊本・震度７　静かな夜が一変　インフラ復旧急ぐ	2016/4/15	産経新聞 東京本社版	647 語
映画「山河ノスタルジア」ジャ・ジャンクー監督　激変の中国で失われたもの	2016/4/15	産経新聞 東京本社版	1014 語
【プロ野球】トラ江越、成長のＶ打　大学後輩左腕にプロの洗礼	2016/4/15	産経新聞 東京本社版	449 語
【だまされるな特殊詐欺！】実録電話２つのパターン	2016/4/15	産経新聞 東京本社版	1103 語
【失墜　田母神元空幕長逮捕】（上）政治資金、陣営の深い闇	2016/4/15	産経新聞 東京本社版	1218 語
【外信コラム】台湾有情　台北の「バスタ」	2016/4/15	産経新聞 東京本社版	482 語
【聴きたい！】ポピュラー新盤　「サンダーバード音楽集」バリー・グレイ	2016/4/15	産経新聞 東京本社版	365 語
【東京おでかけ日和】駒込駅前にピンクのポスト　ソメイヨシノのふるさと	2016/4/15	産経新聞 東京本社版	665 語
【話の肖像画】下町ボブスレー推進委員会・細貝淳一（５０）（４）	2016/4/15	産経新聞 東京本社版	1121 語
【ニッポンの議論】自民党の候補者公募制　西田昌司氏、柴山昌彦氏	2016/4/15	産経新聞 東京本社版	2432 語
【チェルノブイリと福島】（中）廃虚から「おとぎの町」へ移住	2016/4/15	産経新聞 東京本社版	1280 語
【第５４期森ビル杯　十段戦】五番勝負　第２局第７譜	2016/4/15	産経新聞 東京本社版	455 語
【フジサンケイグループ広告大賞】（２）ＫＤＤＩ	2016/4/15	産経新聞 東京本社版	563 語
南シナ海フォーラム　来月１９日、東京で開催	2016/4/15	産経新聞 東京本社版	338 語
【ｉＲＯＮＮＡ発】舛添都知事　なぜ韓国人学校を優先させるのか	2016/4/15	産経新聞 東京本社版	1717 語
【佐藤しのぶのポコ　ア　ポコ〜ゆっくりいこう〜】	2016/4/15	産経新聞 東京本社版	699 語
【大人の遠足】千葉・栄町「房総のむら」　日本の伝統文化、気軽に体験	2016/4/15	産経新聞 東京本社版	1315 語
映画「レヴェナント」音楽担当の坂本龍一　ピアノを「効果音のように」	2016/4/15	産経新聞 東京本社版	568 語
【正論】危険はらむ地政学ゲームの拡大	2016/4/15	産経新聞 東京本社版	1898 語
【旬のおでかけ】宮崎県高千穂町　新緑に彩られた神話の里	2016/4/15	産経新聞 東京本社版	696 語
シャープ、ロボ携帯電話を来月発売　ＡＩであなた好みに受け答え	2016/4/15	産経新聞 東京本社版	353 語
【編集日誌】チェルノブイリの今	2016/4/15	産経新聞 東京本社版	344 語
【産経抄】	2016/4/15	産経新聞 東京本社版	655 語
【第８７期棋聖戦】本戦１回戦　第４局第６譜	2016/4/15	産経新聞 東京本社版	545 語
【朝の詩】昼の浜辺	2016/4/15	産経新聞 東京本社版	81 語
【第５４期囲碁十段戦・本社主催】第３局　伊田十段「次も全力出すだけ」	2016/4/15	産経新聞 東京本社版	497 語
【ふりさけみれば　−昭和天皇の８７年】（３１６）川瀬弘至	2016/4/15	産経新聞 東京本社版	1191 語
【２０１６韓国総選挙　どうなる朴政権】（下）対北強硬策、維持できるか	2016/4/15	産経新聞 東京本社版	814 語
【直球緩球】東急電鉄社長・野本弘文氏　二子玉川から情報発信	2016/4/15	産経新聞 東京本社版	705 語
【きのうきょう】着付け教室	2016/4/15	産経新聞 東京本社版	350 語
【主張】韓国与党大敗　日米との協調路線堅持を	2016/4/15	産経新聞 東京本社版	833 語
【横浜総局発】息の長い被災地支援を願って	2016/4/15	産経新聞 東京本社版	574 語
【チャイム】コース料理が提供される観光電車を公開　西武鉄道	2016/4/15	産経新聞 東京本社版	301 語
【主張】ＴＰＰ先送り論　党利党略で意義見失うな	2016/4/15	産経新聞 東京本社版	825 語
映画「モヒカン故郷に帰る」松田龍平　全編包む不思議なハーモニー	2016/4/15	産経新聞 東京本社版	682 語
ハンドドリップコーヒー　お店の味めざし自宅でも	2016/4/15	産経新聞 東京本社版	1385 語
【オリコンＣＤランキング】	2016/4/15	産経新聞 東京本社版	298 語
【ペットの健康講座】（３）猫のルーツは犬と同じ？	2016/4/15	産経新聞 東京本社版	634 語
【微に入り細に入り】再興性害虫「トコジラミ」に注意！	2016/4/15	産経新聞 東京本社版	1010 語
【聴きたい！】クラシック名盤　マーラー：交響曲第９番	2016/4/15	産経新聞 東京本社版	353 語
【目線〜読者から】（４月５〜１２日）闇カジノ賭博	2016/4/15	産経新聞 東京本社版	747 語